﻿id,color,rating,pinned
1,Red,3,TRUE
2,Green,3,FALSE
3,White,0,FALSE
4,Blue,2,TRUE
5,Red,0,FALSE
6,Black,2,TRUE
7,White,4,FALSE
8,Green,5,TRUE
9,Green,1,FALSE
10,Red,5,TRUE
11,Green,1,FALSE
12,Red,0,TRUE
13,Green,0,TRUE
14,Black,4,FALSE
15,Red,2,FALSE
16,Blue,3,FALSE
17,Black,0,FALSE
18,Red,3,TRUE
19,White,1,TRUE
20,White,5,TRUE
21,Green,2,TRUE
22,Green,2,FALSE
23,Black,4,FALSE
24,Red,5,TRUE
25,Green,0,FALSE
26,Red,5,TRUE
27,Black,5,FALSE
28,Green,1,FALSE
29,Green,5,TRUE
30,White,1,FALSE
